participant_id	liming_nordic.specificity	liming_nordic.s1	liming_nordic.aca	roam_nordic.specificity	roam_nordic.s1	roam_nordic.aca	rabies_icaaroma_nordic.specificity	rabies_icaaroma_nordic.s1	rabies_icaaroma_nordic.aca	ednixgd_nordic.specificity	ednixgd_nordic.s1	ednixgd_nordic.aca	ednixgsr_nordic.specificity	ednixgsr_nordic.s1	ednixgsr_nordic.aca	zipp_nordic.specificity	zipp_nordic.s1	zipp_nordic.aca
sub-300100	NA	NA	NA	spurious	0.60143	0.12914	specific	0.24863	-0.05438	NA	NA	NA	NA	NA	NA	spurious	0.73613	0.26828
sub-300101	spurious	0.64384	0.4848	specific	0.36449	0.05792	specific	0.30437	0.0023	specific	0.18059	0.05127	specific	0.2427	0.03647	spurious	0.68381	0.12646
sub-300102	spurious	0.75651	0.33867	spurious	0.60027	0.17119	specific	0.29701	0.06693	spurious	0.42616	0.12576	spurious	0.47391	0.2152	spurious	0.61696	0.22081
sub-300103	spurious	0.609	0.32881	specific	0.21342	0.05617	no	0.04897	-0.0098	specific	0.38131	0.02864	specific	0.51406	0.05927	non-specific	-0.0177	0.16378
sub-300104	spurious	0.48853	0.37028	spurious	0.31736	0.20534	specific	0.14932	0.01514	specific	0.23252	0.0235	specific	0.27804	0.02447	spurious	0.60188	0.2958
sub-300105	spurious	0.57178	0.10892	specific	0.3674	-0.00839	specific	0.35913	0.02977	specific	0.35193	-0.00095	specific	0.36643	-0.00098	specific	0.34313	-0.04223
sub-300106	spurious	0.66463	0.48246	specific	0.51416	0.07103	specific	0.38086	0.00698	spurious	0.48782	0.10527	spurious	0.49852	0.1021	spurious	0.71593	0.26751
sub-300107	spurious	0.72113	0.49996	spurious	0.59231	0.15239	specific	0.44507	-0.087	specific	0.51773	0.0362	specific	0.51643	-0.00257	spurious	0.72374	0.23209
sub-300108	spurious	0.46286	0.17434	spurious	0.36669	0.26309	specific	0.29308	0.06333	spurious	0.12739	0.12127	spurious	0.12489	0.11701	specific	0.40088	0.00595
sub-300109	spurious	0.69039	0.40507	spurious	0.75015	0.51456	specific	0.29159	0.03032	spurious	0.40441	0.13264	spurious	0.52798	0.18366	spurious	0.83296	0.47347
sub-300200	specific	0.17181	0.05265	no	-0.04527	-0.01596	spurious	-0.10091	0.08766	no	-0.0349	0.06433	no	-0.05376	0.04161	spurious	0.20438	0.17479
sub-300201	specific	0.17663	0.00978	no	0.07604	-0.04097	specific	0.11538	0.06051	no	0.08053	0.05631	no	0.07205	0.05992	specific	0.21795	-0.10292
sub-300202	specific	0.22036	0.07024	no	-0.07032	0.0561	no	0.00597	0.03933	no	0.05941	0.06111	no	0.05927	0.08443	specific	0.12055	-0.07332
sub-300203	spurious	0.16431	0.14757	no	0.02776	-0.02112	NA	NA	NA	no	0.02854	0.08723	no	0.03068	0.08924	specific	0.28711	0.02258
sub-300204	specific	0.12407	-0.02353	no	-0.0095	-0.05898	no	-0.00304	-0.06212	no	-0.01958	0.03095	no	-0.01273	0.03818	specific	0.34684	-0.06444
sub-300205	specific	0.11905	0.06009	no	-0.01112	-0.09143	no	-0.0099	-0.03535	no	-0.00041	0.04146	no	3e-05	0.06091	spurious	0.23472	0.14004
sub-300206	no	0.0778	-0.00156	no	0.00181	-0.07063	no	-0.03125	0.07885	non-specific	0.05291	0.15225	non-specific	0.05887	0.16783	spurious	0.36786	0.37338
sub-300207	specific	0.18719	0.01636	no	-0.00222	-0.07441	no	0.01482	0.05694	no	0.02972	0.07257	no	0.04534	0.08041	specific	0.35774	0.06742
sub-300208	specific	0.21398	0.05435	no	0.08254	0.05217	no	0.06761	0.03786	specific	0.10496	0.04281	specific	0.10399	0.04772	spurious	0.20701	0.10136
sub-300209	specific	0.25223	0.06908	no	0.04803	0.02792	specific	0.24108	0.0071	non-specific	0.05258	0.10436	no	0.05473	0.08818	spurious	0.39163	0.16291
sub-300301	spurious	0.25386	0.36534	spurious	0.10611	0.12236	no	-0.05135	0.04537	NA	NA	NA	NA	NA	NA	spurious	0.38412	0.28882
sub-300302	specific	0.30613	0.08927	NA	NA	NA	specific	0.14566	-0.05164	NA	NA	NA	NA	NA	NA	specific	0.11333	0.07604
sub-300303	spurious	0.1729	0.14685	specific	0.12217	0.0724	no	0.02198	-0.06205	NA	NA	NA	NA	NA	NA	specific	0.25008	0.09928
sub-300304	spurious	0.48272	0.32696	spurious	0.42149	0.35804	specific	0.10767	-0.02294	NA	NA	NA	NA	NA	NA	spurious	0.71851	0.71038
sub-300305	spurious	0.61199	0.46717	spurious	0.59644	0.49475	NA	NA	NA	NA	NA	NA	NA	NA	NA	spurious	0.73504	0.31045
sub-300306	spurious	0.23672	0.20201	non-specific	0.01982	0.10739	NA	NA	NA	NA	NA	NA	NA	NA	NA	spurious	0.36505	0.10133
sub-300307	spurious	0.42926	0.34354	spurious	0.42149	0.35804	no	0.04427	-0.02298	NA	NA	NA	NA	NA	NA	spurious	0.72152	0.70368
sub-300308	spurious	0.59767	0.49337	spurious	0.48003	0.5287	no	0.01812	0.03541	NA	NA	NA	NA	NA	NA	spurious	0.75936	0.75493
sub-300309	spurious	0.40228	0.35654	spurious	0.30391	0.25001	specific	0.22706	-0.03611	NA	NA	NA	NA	NA	NA	spurious	0.48723	0.29647
sub-300400	spurious	0.3255	0.12129	spurious	0.61576	0.62622	no	0.02582	-0.05319	no	-0.00701	-0.02235	no	0.00455	-0.00821	spurious	0.49814	0.16976
sub-300401	spurious	0.11854	0.16533	NA	NA	NA	no	0.04042	0.06108	no	-0.01523	-0.01894	no	-0.01135	-0.04042	specific	0.14491	0.05308
sub-300402	specific	0.25801	0.08821	specific	0.1018	-0.03646	no	-0.08837	0.01539	no	0.04928	0.00501	no	0.06164	0.00991	spurious	0.23804	0.15184
sub-300403	spurious	0.22739	0.16926	spurious	0.21914	0.15347	no	0.0859	0.0215	no	0.05483	0.03842	no	0.07151	0.04614	spurious	0.53843	0.34661
sub-300404	non-specific	0.06878	0.1233	no	0.00272	0.02642	no	0.03031	-0.01632	no	-0.04614	0.08104	no	-0.06112	0.0771	no	0.07001	0.09868
sub-300405	spurious	0.29874	0.19817	spurious	0.15779	0.16819	no	0.01749	0.05128	specific	0.16223	0.05748	specific	0.14689	0.05213	spurious	0.37202	0.16948
sub-300406	specific	0.12923	0.01164	no	0.07761	-0.08065	no	-0.02175	0.04829	non-specific	-0.10148	0.12406	non-specific	-0.09349	0.12219	spurious	0.40089	0.14043
sub-300407	specific	0.14416	0.0464	no	0.04985	0.00838	non-specific	-0.02493	0.186	no	-0.05723	0.09854	no	-0.08061	0.07189	specific	0.35001	-0.03593
sub-300408	specific	0.20622	-0.07209	no	0.09942	0.03049	no	-0.01001	0.08074	no	0.00447	0.06197	no	0.00084	0.05382	specific	0.23585	0.07004
sub-300409	spurious	0.29851	0.13423	specific	0.1635	-0.00736	no	0.0781	-0.00731	no	-0.04553	-0.02515	no	-0.04055	-0.05471	specific	0.31693	0.09078
sub-300500	spurious	0.76855	0.35748	spurious	0.55252	0.19246	specific	0.49628	0.00667	spurious	0.29869	0.1309	spurious	0.28365	0.14356	spurious	0.66123	0.4396
sub-300501	spurious	0.65142	0.29474	specific	0.51623	0.08121	specific	0.5333	0.01996	spurious	0.29269	0.12018	specific	0.3483	0.08727	spurious	0.81954	0.59017
sub-300502	spurious	0.37336	0.13039	no	0.05582	-0.00245	no	0.00706	0.06079	no	-0.00783	0.06087	no	0.01267	0.0432	spurious	0.36166	0.21743
sub-300503	spurious	0.61027	0.16289	specific	0.37226	0.06568	specific	0.1926	-0.01107	specific	0.27477	0.07758	spurious	0.30777	0.10337	spurious	0.60224	0.40389
sub-300504	spurious	0.6533	0.36467	specific	0.40678	0.04788	specific	0.37871	-0.02182	specific	0.16757	-0.09051	specific	0.14776	-0.0692	spurious	0.7435	0.32448
sub-300505	specific	0.37034	-0.05828	spurious	0.27566	0.18165	specific	0.34028	-0.00755	no	0.06293	-0.07532	no	0.03533	-0.09347	spurious	0.41091	0.4628
sub-300506	spurious	0.58502	0.32349	specific	0.43948	0.00426	specific	0.32152	0.0345	spurious	0.1833	0.1625	spurious	0.19028	0.14671	specific	0.32393	0.06961
sub-300507	spurious	0.5017	0.32863	specific	0.19456	0.00596	specific	0.36056	0.08822	specific	0.19556	0.0327	specific	0.20025	0.06296	specific	0.15056	0.04306
sub-300508	spurious	0.64975	0.33226	specific	0.2681	0.0395	no	0.04817	-0.04342	spurious	0.40011	0.17688	spurious	0.38984	0.16616	spurious	0.56833	0.18509
sub-300509	specific	0.27618	0.07149	spurious	0.5166	0.20471	specific	0.18134	0.02439	specific	0.16198	0.06792	specific	0.17554	0.07434	specific	0.24985	-0.08013
sub-300600	spurious	0.18486	0.29139	specific	0.30957	0.09617	no	0.08431	-0.04182	NA	NA	NA	NA	NA	NA	spurious	0.2358	0.17129
sub-300601	spurious	0.59119	0.16331	specific	0.41428	0.08901	specific	0.2034	0.0404	NA	NA	NA	NA	NA	NA	specific	0.51329	0.02434
sub-300602	spurious	0.5439	0.18987	spurious	0.65339	0.2895	specific	0.49729	0.02258	NA	NA	NA	NA	NA	NA	spurious	0.82453	0.10727
sub-300603	spurious	0.56819	0.31303	no	-0.04728	-0.01083	specific	0.21597	-0.03231	NA	NA	NA	NA	NA	NA	spurious	0.59135	0.25145
sub-300604	spurious	0.67735	0.44661	NA	NA	NA	no	0.05991	0.03319	NA	NA	NA	NA	NA	NA	spurious	0.69806	0.46131
sub-300605	spurious	0.37463	0.23009	spurious	0.28964	0.11218	specific	0.11736	-0.01362	NA	NA	NA	NA	NA	NA	spurious	0.5711	0.20849
sub-300606	spurious	0.55549	0.16737	specific	0.32421	0.00973	no	0.07263	0.02846	NA	NA	NA	NA	NA	NA	specific	0.79248	-0.05492
sub-300607	specific	0.1727	0.00413	spurious	0.45664	0.16488	specific	0.26777	0.07976	NA	NA	NA	NA	NA	NA	specific	0.76642	-0.09935
sub-300608	spurious	0.63134	0.52955	no	-0.01193	-0.00113	no	0.00949	-0.03981	NA	NA	NA	NA	NA	NA	spurious	0.41713	0.25138
sub-300609	spurious	0.75261	0.54105	spurious	0.62558	0.60422	spurious	0.30777	0.17369	NA	NA	NA	NA	NA	NA	NA	NA	NA
sub-300700	specific	0.75625	-0.07175	spurious	0.64079	0.11516	non-specific	0.06326	0.13299	specific	0.39673	0.02833	specific	0.66643	0.06745	spurious	-0.23541	-0.21341
sub-300701	specific	0.34359	0.02003	specific	0.13391	-0.03478	specific	0.13525	0.01939	specific	0.19005	-0.06553	specific	0.1903	-0.05105	specific	0.42661	-0.06191
sub-300702	spurious	0.39805	0.27713	specific	0.5108	-0.02129	no	0.06178	0.07056	specific	0.17232	0.09156	specific	0.16911	0.08869	specific	0.64862	-0.17682
sub-300703	specific	0.42777	-0.06125	specific	0.22012	-0.0184	specific	0.22707	-0.05341	specific	0.20645	0.03507	spurious	0.34318	0.15213	specific	0.68046	-0.39895
sub-300704	specific	0.20478	-0.0866	no	-0.01531	0.02347	no	0.04282	-0.01237	specific	0.13104	0.00185	specific	0.1348	0.01579	spurious	0.27031	0.16639
sub-300705	specific	0.25292	-0.00824	specific	0.17227	-0.0688	no	0.00028	-0.0119	no	0.07179	0.03338	no	0.0701	0.04138	specific	0.39184	0.07435
sub-300706	specific	0.11752	0.03231	specific	0.1334	0.04764	no	0.01164	0.08759	no	-0.03478	0.01434	no	-0.02854	0.02605	spurious	0.3298	0.21243
sub-300707	specific	0.21706	-0.10989	specific	0.2936	0.04438	specific	0.1326	0.02001	no	-0.00467	-0.03313	no	0.02641	-0.03517	spurious	0.5364	0.41179
sub-300708	specific	0.16644	0.00018	specific	0.11744	-0.00587	no	-0.09036	0.02236	no	0.0913	0.00759	no	0.08254	0.0023	specific	0.33403	0.05376
sub-300709	specific	0.33839	0.03523	specific	0.23065	0.05416	NA	NA	NA	no	-0.04103	-0.06212	no	-0.0382	-0.02114	spurious	0.29746	0.15452
sub-300800	spurious	0.56174	0.42336	spurious	0.6207	0.29954	NA	NA	NA	NA	NA	NA	NA	NA	NA	spurious	0.68207	0.16384
sub-300801	spurious	0.47164	0.30287	specific	0.3193	0.09	specific	0.20402	-0.00458	NA	NA	NA	NA	NA	NA	spurious	0.4533	0.22263
sub-300802	spurious	0.52951	0.3791	specific	0.10217	-0.00101	no	0.08054	-0.02191	NA	NA	NA	NA	NA	NA	specific	0.33186	0.06263
sub-300803	spurious	0.58933	0.29451	spurious	0.46357	0.22168	spurious	0.19817	0.11647	NA	NA	NA	NA	NA	NA	spurious	0.63031	0.52135
sub-300804	spurious	0.88149	0.76599	spurious	0.7948	0.69334	spurious	0.27623	0.17979	NA	NA	NA	NA	NA	NA	spurious	0.81218	0.85764
sub-300805	spurious	0.71118	0.39873	spurious	0.54018	0.77358	no	0.06614	0.0209	NA	NA	NA	NA	NA	NA	spurious	0.82316	0.7448
sub-300806	spurious	0.47745	0.45846	spurious	0.53658	0.39333	spurious	0.18766	0.21228	NA	NA	NA	NA	NA	NA	spurious	0.81936	0.72452
sub-300807	spurious	0.89283	0.80812	spurious	0.91827	0.91888	specific	0.10002	0.06046	NA	NA	NA	NA	NA	NA	spurious	0.93851	0.92248
sub-300808	spurious	0.46784	0.19898	specific	0.37153	0.08053	specific	0.17311	0.00667	NA	NA	NA	NA	NA	NA	spurious	0.59601	0.46933
sub-300809	spurious	0.53237	0.68329	spurious	0.94393	0.93087	spurious	0.49787	0.18485	NA	NA	NA	NA	NA	NA	spurious	0.98415	0.9521
sub-300900	spurious	0.50417	0.40197	spurious	0.28418	0.10271	specific	0.17314	-0.04258	specific	0.10098	0.05162	specific	0.24886	0.0611	spurious	0.5081	0.14358
sub-300901	spurious	0.57173	0.20411	specific	0.26927	0.01348	specific	0.36094	-0.01843	specific	0.20875	0.03566	specific	0.20458	0.03388	spurious	0.50267	0.11532
sub-300902	specific	0.33377	-0.03885	specific	0.14812	0.07634	spurious	-0.00679	-0.13757	no	0.04	0.05325	specific	0.18337	0.02611	specific	0.36324	0.07124
sub-300903	spurious	0.28334	0.36919	non-specific	0.08634	0.12478	no	0.05506	-0.04092	no	0.04655	0.05004	no	0.06296	0.05871	spurious	0.38961	0.26205
sub-300904	spurious	0.85364	0.55451	spurious	0.64155	0.25203	spurious	0.7865	0.12193	spurious	0.54268	0.20755	spurious	0.54958	0.21005	spurious	0.63341	0.19847
sub-300905	spurious	0.81228	0.60564	spurious	0.69842	0.25646	specific	0.64103	-0.00236	spurious	0.68649	0.16972	spurious	0.68606	0.18585	spurious	0.74446	0.35799
sub-300906	spurious	0.70365	0.19269	specific	0.45843	0.00208	NA	NA	NA	specific	0.44665	0.0286	specific	0.43851	0.04971	specific	0.23128	0.07667
sub-300907	spurious	0.75466	0.7103	spurious	0.48384	0.11231	specific	0.47067	-0.02999	spurious	0.46737	0.10746	specific	0.47445	0.08901	spurious	0.56974	0.27207
sub-300908	spurious	0.65181	0.29247	specific	0.50571	0.00933	specific	0.49053	0.09676	spurious	0.37206	0.1592	spurious	0.38374	0.18686	spurious	0.71128	0.38793
sub-300909	spurious	0.41302	0.35107	specific	0.23213	0.09544	specific	0.13668	0.02618	no	-0.0126	-0.01314	no	-0.01743	-0.03366	spurious	0.46337	0.19314
sub-301000	spurious	0.75078	0.25624	spurious	0.77157	0.28962	specific	0.38999	-0.05487	specific	0.32459	-0.00096	specific	0.26089	-0.03406	spurious	0.88543	0.30706
sub-301001	spurious	0.72857	0.47385	spurious	0.60384	0.28573	spurious	0.43891	0.11495	spurious	0.15871	0.18686	specific	0.17494	0.06838	specific	0.81533	0.07935
sub-301002	spurious	0.68081	0.38694	spurious	0.62394	0.21838	specific	0.54713	0.09013	specific	0.27938	0.09458	spurious	0.2827	0.17237	spurious	0.77321	0.23256
sub-301003	spurious	0.83286	0.53165	spurious	0.79735	0.27886	spurious	0.5948	0.17988	spurious	0.51533	0.16319	spurious	0.5927	0.25062	spurious	0.86922	0.34045
sub-301004	spurious	0.61525	0.34864	specific	0.32052	0.03264	specific	0.27975	0.08921	spurious	0.87329	0.66138	spurious	0.87108	0.64588	NA	NA	NA
sub-301005	spurious	0.73964	0.36725	spurious	0.4852	0.22284	specific	0.46269	0.00488	spurious	0.38877	0.18859	spurious	0.41714	0.19614	spurious	0.76903	0.15988
sub-301006	spurious	0.65016	0.39748	spurious	0.49013	0.12696	specific	0.44816	0.01178	spurious	0.18181	0.12891	spurious	0.24999	0.13431	specific	0.82637	-0.0831
sub-301007	spurious	0.70261	0.42658	spurious	0.46189	0.17421	spurious	0.4124	0.16537	spurious	0.4336	0.17441	spurious	0.37669	0.14995	spurious	0.84367	0.31231
sub-301008	spurious	0.48477	0.55213	spurious	0.47129	0.13072	specific	0.42276	-0.01944	spurious	0.30318	0.28806	spurious	0.38874	0.26623	spurious	0.60525	0.33861
sub-301009	spurious	0.5331	0.55919	spurious	0.73784	0.11693	specific	0.47977	-0.01016	no	0.08314	0.01644	no	0.0869	0.01246	specific	0.80716	0.07159
sub-301100	specific	0.30276	-0.09853	specific	0.34349	0.0837	specific	0.1225	-0.0523	non-specific	0.09038	0.20496	non-specific	0.0851	0.21474	specific	0.57209	-0.01907
sub-301101	specific	0.5379	0.03355	specific	0.62986	0.08231	specific	0.53196	0.00919	specific	0.1244	0.04284	specific	0.15996	0.05397	specific	0.77338	-0.01721
sub-301102	specific	0.2322	0.09402	spurious	0.40171	0.16785	specific	0.2846	0.03751	specific	0.19581	0.01033	specific	0.19152	-0.00164	spurious	0.56292	0.19509
sub-301103	specific	0.3349	0.00575	specific	0.40196	0.09048	specific	0.25195	-0.12523	no	-0.01293	-0.00462	no	0.03718	0.00616	spurious	0.29074	0.18179
sub-301104	specific	0.61438	-0.13743	spurious	0.50381	0.10017	specific	0.46039	0.06208	specific	0.14348	0.09419	specific	0.19101	0.07189	specific	0.70515	0.07328
sub-301105	specific	0.38488	0.09198	specific	0.37798	0.05243	specific	0.2065	-0.03149	no	0.00809	0.03099	no	-0.00273	0.01388	specific	0.43194	-0.08165
sub-301106	specific	0.29908	-0.08595	specific	0.29533	0.02415	specific	0.20247	-0.08431	no	-0.00803	0.01912	no	-0.02336	0.04372	specific	0.62997	0.04873
sub-301107	specific	0.40684	-0.05267	specific	0.5475	0.08196	specific	0.36427	0.09285	specific	0.21139	0.05489	specific	0.21941	0.04616	specific	0.58463	-0.0133
sub-301108	specific	0.26844	0.07875	specific	0.57718	-0.07721	specific	0.38495	-0.03631	spurious	0.11393	0.17789	spurious	0.11634	0.1759	specific	0.67095	0.00552
sub-301109	spurious	0.446	0.12715	spurious	0.58878	0.18362	specific	0.2616	0.02627	specific	0.66956	0.09197	specific	0.64909	0.09216	specific	0.72405	0.01839
sub-301200	spurious	0.6708	0.12226	spurious	0.7822	0.25235	spurious	0.7177	0.10288	spurious	0.49652	0.10075	spurious	0.60657	0.20806	specific	0.82852	0.01555
sub-301201	spurious	0.7227	0.27799	spurious	0.70013	0.32039	spurious	0.70624	0.14117	spurious	0.65601	0.11259	spurious	0.65049	0.11085	spurious	0.67395	0.2541
sub-301202	specific	0.74382	0.01162	spurious	0.71275	0.26514	specific	0.51951	-0.01248	specific	0.50307	0.02154	specific	0.48166	0.0225	spurious	0.73025	0.17915
sub-301203	spurious	0.65405	0.29357	spurious	0.61992	0.15095	specific	0.60142	0.02599	specific	0.62432	0.05746	specific	0.64901	0.09579	spurious	0.69607	0.2728
sub-301204	specific	0.73999	-0.24952	spurious	0.71684	0.15494	specific	0.5973	0.01098	spurious	0.56673	0.32562	spurious	0.54682	0.33	spurious	0.74613	0.26244
sub-301205	specific	0.70492	-0.13459	spurious	0.80859	0.23947	spurious	0.76956	0.17423	spurious	0.65036	0.1374	spurious	0.70229	0.22965	specific	0.80365	0.08372
sub-301206	specific	0.38841	0.04189	spurious	0.70012	0.25473	specific	0.39772	-0.01612	specific	0.3846	0.04187	spurious	0.38518	0.10295	spurious	0.59565	0.10561
sub-301207	spurious	0.68129	0.44153	spurious	0.69684	0.36506	specific	0.6451	0.02441	specific	0.43211	0.02633	specific	0.51993	0.03966	specific	0.66691	0.09967
sub-301208	spurious	0.60357	0.14635	spurious	0.63677	0.19893	spurious	0.57565	0.15747	specific	0.51962	0.09274	spurious	0.6111	0.29812	spurious	0.75106	0.11805
sub-301209	specific	0.70914	0.04655	spurious	0.64286	0.44239	spurious	0.48387	0.22867	spurious	0.43056	0.2453	spurious	0.42595	0.22318	spurious	0.65483	0.2938
sub-301300	non-specific	0.00546	0.12489	no	0.09099	0.0484	no	-0.02702	0.05681	no	-0.06071	0.06128	no	-0.06906	0.04903	specific	0.44161	-0.24635
sub-301301	no	-0.00636	-0.01111	no	0.01272	-0.01312	no	0.01106	0.09051	no	0.01571	0.03521	no	0.01093	0.02216	non-specific	0.05915	0.17077
sub-301302	specific	0.16668	-0.04293	non-specific	-0.01129	0.14843	no	0.07225	0.01091	no	0.06682	-0.01153	no	0.07769	0.01969	specific	0.24194	0.07487
sub-301303	specific	0.20585	0.0791	no	0.0516	-0.00926	no	0.05735	0.03174	no	0.07068	0.07067	no	0.06744	0.0573	spurious	0.39766	0.37124
sub-301304	no	0.04934	0.01324	no	0.07959	-0.05748	no	-0.01889	0.00574	no	0.03748	0.02906	no	0.0352	0.02844	spurious	0.12345	0.14521
sub-301305	specific	0.13226	0.03084	specific	0.12256	0.05455	no	-0.01596	0.01921	no	0.07102	0.07927	non-specific	0.07735	0.10277	spurious	0.34285	0.12828
sub-301306	no	0.09637	-0.05132	no	0.06946	0.04068	no	-0.0099	-0.00551	no	-0.07577	0.01695	no	-0.06709	0.01228	specific	0.15782	0.05574
sub-301307	specific	0.10007	-0.00151	specific	0.17208	0.02282	no	-0.08932	-0.02544	non-specific	0.0346	0.18993	non-specific	0.02452	0.16946	spurious	0.12324	0.23179
sub-301308	specific	0.11933	0.01014	no	-0.08672	-0.04295	no	-0.09407	-0.08434	no	-0.03191	-0.02953	no	-0.03148	-0.03932	NA	NA	NA
sub-301309	no	-0.00096	-0.05042	no	0.03419	0.05963	non-specific	-0.00206	0.10063	no	0.0119	0.07108	no	0.01971	0.04692	spurious	0.36518	0.28112
sub-301400	spurious	0.64134	0.32153	specific	0.43341	0.0377	specific	0.17979	-0.10958	specific	0.20951	0.05685	specific	0.20185	0.05615	spurious	0.675	0.26298
sub-301401	spurious	0.19571	0.25096	spurious	0.10032	0.14043	no	0.00734	0.03157	no	0.08524	0.01529	no	0.08315	0.01625	specific	0.31026	0.06294
sub-301402	spurious	0.31296	0.32383	no	0.04857	0.0319	specific	0.14166	0.06644	no	0.08413	0.01814	no	0.09616	0.0655	spurious	0.48554	0.33869
sub-301403	non-specific	0.05162	0.18792	no	0.09946	0.04429	no	-0.01836	0.07165	no	0.03485	-0.0128	no	0.03969	-0.01904	specific	0.21236	0.02462
sub-301404	spurious	0.41672	0.21444	specific	0.25912	0.03473	no	0.03554	-0.00657	no	0.0363	-0.02987	no	0.04117	-0.03583	specific	0.49996	0.01702
sub-301405	spurious	0.46406	0.3739	specific	0.17609	-4e-05	non-specific	0.026	0.16628	no	0.08338	0.05492	no	0.07669	0.05828	spurious	0.46268	0.18158
sub-301406	specific	0.13046	0.03593	no	-0.04978	-0.0364	non-specific	0.02145	0.1016	no	0.00417	0.08326	no	0.00719	0.08824	spurious	0.26545	0.15067
sub-301407	specific	0.37511	0.09837	no	0.04341	0.00217	no	-0.00498	0.09823	no	0.02836	0.05492	no	-0.01467	0.08007	spurious	0.46249	0.14805
sub-301408	spurious	0.11925	0.24015	no	0.05048	0.0431	no	0.06121	-0.0563	no	0.04726	0.01592	no	0.03023	0.00808	spurious	0.35734	0.26814
sub-301409	spurious	0.38123	0.14818	spurious	0.33331	0.19544	specific	0.10979	-0.07052	no	0.03626	0.01159	no	0.00678	0.0452	spurious	0.52422	0.18291
sub-301500	specific	0.1263	0.08552	no	-0.02443	0.04082	no	-0.07529	0.0084	no	-0.02721	0.04662	no	-0.02325	0.04485	specific	0.133	0.08144
sub-301501	specific	0.13691	0.05762	specific	0.18825	-0.03647	no	0.05842	-0.05011	specific	0.10831	-0.09233	specific	0.11848	-0.10371	specific	0.19231	-0.07475
sub-301502	spurious	0.1537	0.15917	specific	0.10802	0.02351	no	0.03903	0.07137	no	0.09608	0.05098	no	0.08755	0.0529	specific	0.18224	-0.07254
sub-301503	spurious	0.288	0.11734	specific	0.22785	-0.05133	specific	0.16614	-0.0699	specific	0.12517	-0.01314	specific	0.10884	-0.0055	specific	0.21872	-0.07954
sub-301504	no	0.07141	-0.00443	no	0.01764	0.03426	no	0.00744	-0.09068	no	-0.00879	-0.03168	no	-0.01162	-0.02805	NA	NA	NA
sub-301505	specific	0.32506	0.04748	no	0.05106	-0.03563	no	0.09404	0.0456	specific	0.21171	-0.06884	specific	0.20608	-0.06365	specific	0.28005	-0.12079
sub-301506	no	-0.01957	-0.02796	no	0.0996	0.01156	no	0.0452	0.05517	no	0.09818	-0.06183	specific	0.10823	-0.06379	spurious	0.39868	0.14424
sub-301507	specific	0.12021	0.04915	specific	0.12639	0.01689	no	0.03652	-0.04944	no	0.06185	-0.02863	no	0.05508	-0.01384	specific	0.21805	-0.0552
sub-301508	specific	0.19084	0.00414	specific	0.19797	0.01341	no	0.07972	0.07104	no	0.07313	0.06071	no	0.06832	0.05674	specific	0.2329	-0.0085
sub-301509	specific	0.21076	0.09802	no	0.07051	-0.04241	spurious	0.11839	0.28156	specific	0.12743	-0.02906	specific	0.13796	-0.03838	specific	0.17401	-0.04282
sub-301600	spurious	0.32102	0.30003	spurious	0.28255	0.10662	specific	0.14686	-0.10766	spurious	0.16438	0.14467	spurious	0.17334	0.13721	spurious	0.52463	0.29122
sub-301601	specific	0.3588	0.06867	specific	0.11089	0.04622	specific	0.14599	0.05673	spurious	0.15886	0.12788	spurious	0.20747	0.13388	specific	0.39374	-0.14842
sub-301602	spurious	0.57963	0.37249	spurious	0.31957	0.18443	specific	0.23392	0.02711	specific	0.10453	-0.03794	specific	0.1195	-0.04047	spurious	0.64773	0.3003
sub-301603	spurious	0.56958	0.14707	specific	0.37076	-0.01588	specific	0.36012	-0.10619	spurious	0.30486	0.16647	spurious	0.38186	0.21067	specific	0.46798	-0.0429
sub-301604	spurious	0.24735	0.19181	non-specific	0.06047	0.17312	specific	0.15569	-0.06265	no	0.08958	-0.01322	no	0.08476	-0.01415	spurious	0.488	0.33929
sub-301605	spurious	0.26882	0.12436	specific	0.12321	-0.06817	no	-0.02647	-0.06069	specific	0.1086	0.08879	no	0.09771	0.09477	spurious	0.23784	0.1096
sub-301606	spurious	0.11779	0.1408	no	-0.04227	0.01814	spurious	0.03761	-0.10639	no	0.05768	-0.00552	no	0.05037	-0.00209	specific	0.43566	-0.01457
sub-301607	spurious	0.50719	0.4171	spurious	0.57335	0.36799	non-specific	0.03566	0.17905	spurious	0.27172	0.26442	spurious	0.35586	0.35643	spurious	0.79559	0.62151
sub-301608	specific	0.10503	-0.00363	no	0.03732	-0.03815	no	0.00438	0.08391	no	-0.02472	-0.01856	no	-0.02487	-0.01213	specific	0.16975	0.056
sub-301609	spurious	0.13858	0.14104	specific	0.31219	0.0999	no	0.02385	-0.0355	specific	0.16437	0.06879	specific	0.15203	0.0547	spurious	0.41502	0.22429
sub-301700	no	0.04649	-0.02703	specific	0.12334	-0.00402	no	-0.06746	-0.04794	no	0.06184	0.02473	no	0.08024	0.02025	spurious	0.2737	0.33902
sub-301701	spurious	0.17511	0.11509	specific	0.20786	0.06713	no	0.08385	-0.04704	no	0.05962	0.04194	no	0.0617	0.03873	specific	0.34906	-0.01571
sub-301702	spurious	0.1625	0.20894	specific	0.30862	-0.03237	specific	0.16791	-0.04604	no	0.07972	0.0039	no	0.0887	0.00836	specific	0.43128	0.08687
sub-301703	no	-0.0972	0.07209	specific	0.1473	0.09164	specific	0.10028	-0.0353	no	0.00518	0.08288	no	-0.01968	0.08079	specific	0.36773	-0.04844
sub-301704	non-specific	0.08614	0.2179	specific	0.1043	0.02794	no	0.04121	0.09566	no	0.05732	-0.03532	no	0.08212	-0.07024	spurious	0.16803	0.162
sub-301705	specific	0.13655	0.03994	specific	0.14122	-0.03345	non-specific	-0.00722	0.11229	no	-0.01216	-0.09442	no	-0.0063	-0.0854	no	0.08178	0.05327
sub-301706	spurious	0.4603	0.23341	specific	0.19829	0.02	no	0.00576	-0.01552	no	0.09778	0.03864	no	0.08458	0.03869	no	0.09236	-0.03473
sub-301707	spurious	0.29912	0.19566	specific	0.21581	0.06848	specific	0.23438	-0.02784	no	0.0041	0.00291	no	0.01679	0.00091	spurious	0.51562	0.3451
sub-301708	specific	0.1991	0.04034	no	0.05957	-0.01378	no	0.04622	-0.0833	no	0.05591	0.03641	no	0.05856	0.03284	spurious	0.52735	0.25679
sub-301709	spurious	0.14477	0.12203	no	0.07988	0.00788	no	-0.07582	0.00114	no	0.08257	0.04502	no	0.07388	0.04515	no	0.06909	0.06259
sub-301800	spurious	0.31566	0.14442	no	-0.01386	-0.0121	no	0.05648	-0.01354	NA	NA	NA	non-specific	0.03848	0.10706	specific	0.18751	0.01474
sub-301801	specific	0.20786	-0.04195	no	-0.03381	-0.06979	no	0.01767	0.05876	no	-0.00972	-0.01858	no	0.00148	-0.02379	specific	0.13737	-0.14326
sub-301802	non-specific	0.0889	0.22447	specific	0.12382	0.05888	no	0.04347	-0.03578	specific	0.11068	0.06953	specific	0.10195	0.05499	spurious	0.24074	0.20831
sub-301803	spurious	0.1676	0.13964	no	0.09069	-0.02794	no	0.02689	-0.043	no	0.00832	0.0047	no	0.02224	0.00201	specific	0.20037	-0.05711
sub-301804	specific	0.28802	0.09777	specific	0.13064	0.04584	specific	0.10943	-0.07765	no	0.00928	0.08173	no	0.00135	0.07445	spurious	0.35412	0.13197
sub-301805	spurious	0.24787	0.11121	specific	0.13329	0	specific	0.1351	0.02921	specific	0.10155	0.00553	specific	0.1002	0.00548	spurious	0.39785	0.21894
sub-301806	spurious	0.11006	0.15915	no	0.06515	-0.08755	no	-0.00924	-0.08093	no	0.09272	0.06299	no	0.09184	0.05863	specific	0.25515	0.04563
sub-301807	non-specific	0.09762	0.18268	no	-0.03707	-0.04244	no	0.07793	-0.04243	no	0.04738	0.00012	no	0.05997	-0.00197	specific	0.26195	0.07021
sub-301808	spurious	0.19347	0.10201	no	0.02703	-0.03198	no	0.02452	-0.01833	no	-0.05858	-0.08257	no	-0.05277	-0.09671	specific	0.18927	-0.02508
sub-301809	spurious	0.34922	0.2418	specific	0.20786	-0.015	no	0.02444	0.04554	specific	0.11022	0.03292	specific	0.10466	0.04361	specific	0.28287	-0.02891
sub-301900	spurious	0.18239	0.13532	spurious	0.20392	0.15839	non-specific	0.04656	0.237	spurious	0.10825	0.16062	no	0.05178	0.09907	spurious	0.61214	0.91728
sub-301901	spurious	0.40347	0.2339	spurious	0.24219	0.18528	non-specific	-0.06041	0.1216	no	0.04974	0.05036	no	0.03167	0.02614	NA	NA	NA
sub-301902	specific	0.43728	0.02261	no	-0.04865	-0.08356	specific	0.16876	0.09688	spurious	0.15349	0.13163	non-specific	0.06372	0.16734	spurious	0.15628	0.8155
sub-301903	specific	0.17778	-0.05088	spurious	0.2777	0.12428	no	0.04925	0.01709	no	0.06625	0.08462	non-specific	0.02416	0.12135	spurious	0.33232	0.61488
sub-301904	specific	0.44858	0.05767	no	-0.00432	-0.01348	spurious	0.11308	0.10768	spurious	0.21652	0.15084	spurious	0.19673	0.14987	spurious	0.56156	0.82748
sub-301905	specific	0.25844	0.08007	spurious	0.20424	0.18141	spurious	0.12962	0.16818	spurious	0.31131	0.10118	spurious	0.24134	0.12406	spurious	0.32983	0.72763
sub-301906	specific	0.1703	-0.01202	no	0.08432	-0.05472	specific	0.15224	0.0936	non-specific	0.02558	0.14871	no	0.05178	0.09907	spurious	0.30815	0.77237
sub-301907	spurious	0.39215	0.2206	spurious	0.40902	0.10427	specific	0.35859	-0.08726	spurious	0.28025	0.12624	spurious	0.2592	0.18807	spurious	0.43895	0.82936
sub-301908	specific	0.32573	0.02516	specific	0.28641	-0.00896	spurious	0.18384	0.16819	specific	0.23843	0.09435	specific	0.24734	0.07362	spurious	0.55196	0.53
sub-301909	spurious	0.49666	0.1938	specific	0.24921	0.0238	specific	0.33816	0.02671	specific	0.39095	0.01511	specific	0.36574	0.05925	spurious	0.46173	0.421
sub-302000	specific	0.13663	-0.06177	no	-0.05359	-0.01244	no	-0.04625	-0.06935	non-specific	0.08712	0.12992	non-specific	0.09075	0.11256	specific	0.20624	0.06247
sub-302001	no	0.03834	0.00996	specific	0.35628	0.03888	specific	0.19587	0.03719	no	0.06705	0.0498	specific	0.10221	0.03186	specific	0.24675	0.04721
sub-302002	specific	0.11961	0.08648	non-specific	0.05287	0.10514	no	0.01431	-0.00359	specific	0.11933	-0.03433	specific	0.11627	-0.01216	specific	0.40793	0.09902
sub-302003	specific	0.19661	-0.0065	spurious	0.36494	0.38972	spurious	-0.12895	-0.02473	no	0.03432	0.03774	no	0.02931	0.05085	spurious	0.57296	0.43861
sub-302004	no	-0.07684	-0.07117	specific	0.13662	0.05133	specific	0.15024	0.06347	specific	0.14145	0.01619	specific	0.18302	-0.00119	specific	0.43053	0.08557
sub-302005	specific	0.22637	-0.01224	specific	0.21463	-0.00658	no	0.02435	0.01135	specific	0.13598	-0.00662	specific	0.14307	-0.00678	spurious	0.48267	0.19822
sub-302006	specific	0.25218	-0.07218	no	0.05038	-0.06411	no	0.07945	-0.0406	no	0.07603	0.06226	no	0.08275	0.06597	spurious	0.51986	0.12324
sub-302007	specific	0.2033	-0.11799	specific	0.161	0.09507	no	0.04786	0.00404	no	0.07833	0.06502	no	0.08077	0.05782	specific	0.54632	0.0537
sub-302008	specific	0.10586	0.06805	no	0.06378	0.02795	no	-0.04739	-0.09484	spurious	0.24933	0.18176	spurious	0.25965	0.17204	spurious	0.3954	0.15756
sub-302009	specific	0.23758	0.07973	no	0.04729	0.05059	no	-0.00278	-0.00678	no	0.03967	0.00087	no	0.06184	-0.00103	specific	0.50299	-0.04938
sub-302100	spurious	0.11237	0.19283	no	0.05717	0.08965	non-specific	0.04534	0.11016	no	-0.02786	0.0336	no	-0.0158	0.036	spurious	0.27901	0.27491
sub-302101	no	0.05544	0.08641	no	0.03326	0.07647	no	0.06968	0.06342	no	-0.04773	0.00788	no	-0.0473	0.01176	non-specific	0.04531	0.11634
sub-302102	spurious	0.21556	0.10675	no	-0.06725	0.0212	non-specific	-0.10504	0.10908	spurious	-0.08928	-0.10234	no	-0.09014	-0.09168	spurious	0.122	0.19117
sub-302103	spurious	0.11701	0.16415	no	0.0451	-0.05206	no	0.03894	0.06198	spurious	0.04483	-0.11594	spurious	0.04259	-0.11057	spurious	0.28379	0.27462
sub-302104	no	0.04657	0.04482	no	-0.02697	-0.07625	no	-0.02586	-0.03334	no	-0.04233	0.07935	no	-0.04161	0.07042	no	0.04483	0.04727
sub-302105	spurious	0.12968	0.13128	no	0.07002	-0.04264	spurious	0.07524	-0.14386	no	0.08373	0.06506	no	0.05547	0.05638	no	0.08044	0.05959
sub-302106	spurious	0.21217	0.13723	specific	0.1377	0.02341	no	0.02778	0.05191	no	0.04521	0.08961	no	0.04364	0.08934	spurious	0.31121	0.20955
sub-302107	spurious	0.54062	0.34309	specific	0.32705	0.02163	specific	0.13116	-0.06729	specific	0.13733	0.0149	specific	0.12176	-0.0052	spurious	0.57223	0.19999
sub-302108	specific	0.15691	0.04985	no	0.09576	-0.0235	no	-0.06002	-0.07061	no	0.0949	0.00491	specific	0.11036	-0.00383	spurious	0.4695	0.22582
sub-302109	spurious	0.18991	0.24847	non-specific	0.02429	0.24489	no	-0.03932	-0.07084	no	0.04097	0.02124	no	0.04195	0.02065	spurious	0.26346	0.18417
